{
  "title": "AI\u2011First BioPharma \u2014 From Pain to Possibility",
  "subtitle": "A voxel\u2011style, visionary walk through an end\u2011to\u2011end patient journey",
  "frames": [
    {
      "id": "opening",
      "label": "Opening: Why Change",
      "summary": "Fast\u2011cut skyline + panels: GPT\u20115, edge devices, autonomous fulfilment.",
      "voice": "In five years, decisions move at the speed of a prompt.",
      "chips": [
        "Strategy",
        "Super\u2011intelligence",
        "Momentum"
      ],
      "durationMs": 4500
    },
    {
      "id": "sarah-home",
      "label": "Sarah\u2019s Pain",
      "summary": "Sarah struggles to open a jar; ring senses arthritis flare.",
      "voice": "One thing hasn\u2019t changed: pain. Sarah\u2019s still hurts.",
      "chips": [
        "Patient",
        "Smart Ring",
        "Signal"
      ],
      "durationMs": 4500
    },
    {
      "id": "insight-hub",
      "label": "Edge \u2192 Insight Hub",
      "summary": "Pulse\u2011AI streams biometrics to the hub; dashboards light up.",
      "voice": "Edge data flows into our AI insight hub in real time.",
      "chips": [
        "Competitive Intelligence",
        "Primary MR",
        "Privacy"
      ],
      "durationMs": 4500
    },
    {
      "id": "clinical-loop",
      "label": "37\u2011Second Decision",
      "summary": "Medical Affairs + Market Access draft an evidence\u2011based plan.",
      "voice": "Guidelines, trials, and cost checks: one consistent answer.",
      "chips": [
        "Medical Affairs",
        "Market Access",
        "Audit Trail"
      ],
      "durationMs": 5500
    },
    {
      "id": "field-sync",
      "label": "Field Sync",
      "summary": "Salesforce AgentForce prepares tailored detailing; rep reviews.",
      "voice": "Every stakeholder sees the same truth\u2014instantly.",
      "chips": [
        "Field Force",
        "CRM",
        "Single Source"
      ],
      "durationMs": 4000
    },
    {
      "id": "fulfillment",
      "label": "Autonomous Fulfillment",
      "summary": "Robotic hub packs; drone departs toward Sarah\u2019s home.",
      "voice": "Therapy moves with zero friction across the chain.",
      "chips": [
        "Supply Chain",
        "Drone",
        "Cold\u2011chain"
      ],
      "durationMs": 4500
    },
    {
      "id": "education",
      "label": "Hologram Education",
      "summary": "Hologram clinician explains dose; digital twin shows relief.",
      "voice": "Clear guidance builds confidence and adherence.",
      "chips": [
        "Patient Services",
        "Digital Twin",
        "Adherence"
      ],
      "durationMs": 5000
    },
    {
      "id": "kpis",
      "label": "Measured Impact",
      "summary": "KPIs overlay: time\u2011to\u2011therapy \u2193, adherence \u2191, cost\u2011per\u2011flare \u2193.",
      "voice": "Outcomes improve\u2014for Sarah and the system.",
      "chips": [
        "KPI",
        "Value",
        "Equity"
      ],
      "durationMs": 3500
    },
    {
      "id": "blueprint",
      "label": "GenAI Factory",
      "summary": "Blueprint view: unified data + model ops across functions.",
      "voice": "AI\u2011first becomes the operating system of the company.",
      "chips": [
        "GenAI Factory",
        "MLOps",
        "Governance"
      ],
      "durationMs": 4500
    }
  ],
  "kpis": [
    {
      "label": "Time\u2011to\u2011Therapy",
      "value": "-96%"
    },
    {
      "label": "Adherence",
      "value": "+23%"
    },
    {
      "label": "Cost\u2011per\u2011Flare",
      "value": "-35%"
    }
  ]
}