{
  "include_extensions": [
    "docx",
    "pptx",
    "pdf",
    "xlsx",
    "csv",
    "txt",
    "md"
  ],
  "exclude_rules": [
    {
      "field": "sensitivity_label",
      "op": "in",
      "values": [
        "Restricted"
      ]
    }
  ],
  "chunking": {
    "strategy": "structure-aware",
    "min_chars": 500,
    "max_chars": 2500,
    "split_on": [
      "heading",
      "slide",
      "table"
    ]
  },
  "metadata_map": {
    "canonical_id": "canonical_id",
    "record_type": "record_type",
    "item_url": "item_url"
  },
  "security": {
    "mode": "group-filter",
    "chunk_field": "permissions_groups"
  }
}